{
	"plugins": [
		{
			"name": "Alignment",
			"className": "Alignment",
			"path": "src/alignment.js",
			"description": "Enables support for text alignment. You can use it to align your content to left, right and center or to justify it.",
			"docs": "features/text-alignment.html",
			"uiComponents": [
				{
					"type": "SplitButton",
					"name": "alignment",
					"iconPath": "@ckeditor/ckeditor5-core/theme/icons/align-left.svg"
				}
			],
			"htmlOutput": [
				{
					"elements": "$block",
					"styles": "text-align",
					"_comment": "By default, the alignment feature uses the `text-align` inline style."
				},
				{
					"elements": "$block",
					"classes": "*",
					"_comment": "If `config.alignment.options` is set, these classes are used for alignment instead of inline styles."
				}
			]
		}
	]
}